/home/i008/googledrive/Projects/malaria/malaria_dataset/plasmodium-phone-0756.jpg,91,100,131,140,Malaria
/home/i008/googledrive/Projects/malaria/malaria_dataset/plasmodium-phone-1041.jpg,451,549,491,589,Malaria
/home/i008/googledrive/Projects/malaria/malaria_dataset/plasmodium-phone-0921.jpg,124,704,176,735,Malaria
/home/i008/googledrive/Projects/malaria/malaria_dataset/plasmodium-phone-0791.jpg,291,247,331,287,Malaria
/home/i008/googledrive/Projects/malaria/malaria_dataset/plasmodium-phone-0163.jpg,542,377,582,417,Malaria
/home/i008/googledrive/Projects/malaria/malaria_dataset/plasmodium-phone-1099.jpg,602,299,642,339,Malaria
/home/i008/googledrive/Projects/malaria/malaria_dataset/plasmodium-phone-0934.jpg,254,367,294,407,Malaria
/home/i008/googledrive/Projects/malaria/malaria_dataset/plasmodium-phone-0319.jpg,628,138,668,178,Malaria
/home/i008/googledrive/Projects/malaria/malaria_dataset/plasmodium-phone-0949.jpg,185,247,225,287,Malaria
/home/i008/googledrive/Projects/malaria/malaria_dataset/plasmodium-phone-0512.jpg,527,231,567,271,Malaria
/home/i008/googledrive/Projects/malaria/malaria_dataset/plasmodium-phone-0029.jpg,106,272,146,312,Malaria
/home/i008/googledrive/Projects/malaria/malaria_dataset/plasmodium-phone-0934.jpg,571,572,612,612,Malaria
/home/i008/googledrive/Projects/malaria/malaria_dataset/plasmodium-phone-1179.jpg,590,35,630,75,Malaria
/home/i008/googledrive/Projects/malaria/malaria_dataset/plasmodium-phone-0466.jpg,80,244,120,284,Malaria
/home/i008/googledrive/Projects/malaria/malaria_dataset/plasmodium-phone-0921.jpg,389,657,429,697,Malaria
/home/i008/googledrive/Projects/malaria/malaria_dataset/plasmodium-phone-0934.jpg,25,259,65,299,Malaria
/home/i008/googledrive/Projects/malaria/malaria_dataset/plasmodium-phone-0756.jpg,690,221,730,261,Malaria
/home/i008/googledrive/Projects/malaria/malaria_dataset/plasmodium-phone-0466.jpg,439,598,479,638,Malaria
/home/i008/googledrive/Projects/malaria/malaria_dataset/plasmodium-phone-0794.jpg,297,526,337,566,Malaria
/home/i008/googledrive/Projects/malaria/malaria_dataset/plasmodium-phone-0067.jpg,663,7,703,47,Malaria
/home/i008/googledrive/Projects/malaria/malaria_dataset/plasmodium-phone-0389.jpg,295,397,297,398,Malaria
/home/i008/googledrive/Projects/malaria/malaria_dataset/plasmodium-phone-0917.jpg,64,71,104,111,Malaria
/home/i008/googledrive/Projects/malaria/malaria_dataset/plasmodium-phone-1056.jpg,636,467,676,507,Malaria
/home/i008/googledrive/Projects/malaria/malaria_dataset/plasmodium-phone-0115.jpg,242,51,282,91,Malaria
/home/i008/googledrive/Projects/malaria/malaria_dataset/plasmodium-phone-0791.jpg,574,444,614,484,Malaria
/home/i008/googledrive/Projects/malaria/malaria_dataset/plasmodium-phone-0084.jpg,719,458,759,498,Malaria
/home/i008/googledrive/Projects/malaria/malaria_dataset/plasmodium-phone-0920.jpg,102,677,142,717,Malaria
/home/i008/googledrive/Projects/malaria/malaria_dataset/plasmodium-phone-1041.jpg,221,467,261,507,Malaria
/home/i008/googledrive/Projects/malaria/malaria_dataset/plasmodium-phone-0851.jpg,436,614,476,654,Malaria
/home/i008/googledrive/Projects/malaria/malaria_dataset/plasmodium-phone-1154.jpg,270,720,310,760,Malaria
/home/i008/googledrive/Projects/malaria/malaria_dataset/plasmodium-phone-0052.jpg,165,421,205,461,Malaria
/home/i008/googledrive/Projects/malaria/malaria_dataset/plasmodium-phone-0337.jpg,198,197,229,244,Malaria
/home/i008/googledrive/Projects/malaria/malaria_dataset/plasmodium-phone-0999.jpg,474,270,514,310,Malaria
/home/i008/googledrive/Projects/malaria/malaria_dataset/plasmodium-phone-0067.jpg,503,403,543,443,Malaria
/home/i008/googledrive/Projects/malaria/malaria_dataset/plasmodium-phone-1021.jpg,259,636,299,676,Malaria
/home/i008/googledrive/Projects/malaria/malaria_dataset/plasmodium-phone-0702.jpg,199,516,239,556,Malaria
/home/i008/googledrive/Projects/malaria/malaria_dataset/plasmodium-phone-0920.jpg,192,683,232,723,Malaria
/home/i008/googledrive/Projects/malaria/malaria_dataset/plasmodium-phone-0245.jpg,187,695,227,735,Malaria
/home/i008/googledrive/Projects/malaria/malaria_dataset/plasmodium-phone-0163.jpg,718,396,758,436,Malaria
/home/i008/googledrive/Projects/malaria/malaria_dataset/plasmodium-phone-0921.jpg,95,605,135,645,Malaria
/home/i008/googledrive/Projects/malaria/malaria_dataset/plasmodium-phone-0433.jpg,686,584,726,624,Malaria
/home/i008/googledrive/Projects/malaria/malaria_dataset/plasmodium-phone-0794.jpg,22,244,62,284,Malaria
/home/i008/googledrive/Projects/malaria/malaria_dataset/plasmodium-phone-0095.jpg,205,315,245,355,Malaria
/home/i008/googledrive/Projects/malaria/malaria_dataset/plasmodium-phone-0176.jpg,433,606,473,646,Malaria
/home/i008/googledrive/Projects/malaria/malaria_dataset/plasmodium-phone-0934.jpg,113,665,153,705,Malaria
/home/i008/googledrive/Projects/malaria/malaria_dataset/plasmodium-phone-1021.jpg,457,66,497,106,Malaria
/home/i008/googledrive/Projects/malaria/malaria_dataset/plasmodium-phone-0648.jpg,238,302,278,342,Malaria
/home/i008/googledrive/Projects/malaria/malaria_dataset/plasmodium-phone-0184.jpg,40,459,80,499,Malaria
/home/i008/googledrive/Projects/malaria/malaria_dataset/plasmodium-phone-0941.jpg,475,506,515,546,Malaria
/home/i008/googledrive/Projects/malaria/malaria_dataset/plasmodium-phone-0984.jpg,594,424,635,464,Malaria
/home/i008/googledrive/Projects/malaria/malaria_dataset/plasmodium-phone-1154.jpg,259,56,299,96,Malaria
/home/i008/googledrive/Projects/malaria/malaria_dataset/plasmodium-phone-1032.jpg,78,391,118,431,Malaria
/home/i008/googledrive/Projects/malaria/malaria_dataset/plasmodium-phone-0563.jpg,661,630,701,670,Malaria
/home/i008/googledrive/Projects/malaria/malaria_dataset/plasmodium-phone-0999.jpg,320,436,360,476,Malaria
/home/i008/googledrive/Projects/malaria/malaria_dataset/plasmodium-phone-0999.jpg,340,325,380,365,Malaria
/home/i008/googledrive/Projects/malaria/malaria_dataset/plasmodium-phone-0321.jpg,431,440,471,480,Malaria
/home/i008/googledrive/Projects/malaria/malaria_dataset/plasmodium-phone-0115.jpg,144,294,184,334,Malaria
/home/i008/googledrive/Projects/malaria/malaria_dataset/plasmodium-phone-1099.jpg,450,571,490,612,Malaria
/home/i008/googledrive/Projects/malaria/malaria_dataset/plasmodium-phone-0548.jpg,249,93,289,133,Malaria
/home/i008/googledrive/Projects/malaria/malaria_dataset/plasmodium-phone-0548.jpg,660,35,700,75,Malaria
/home/i008/googledrive/Projects/malaria/malaria_dataset/plasmodium-phone-0319.jpg,151,592,191,632,Malaria
/home/i008/googledrive/Projects/malaria/malaria_dataset/plasmodium-phone-0984.jpg,432,193,472,233,Malaria
/home/i008/googledrive/Projects/malaria/malaria_dataset/plasmodium-phone-0232.jpg,494,458,534,498,Malaria
/home/i008/googledrive/Projects/malaria/malaria_dataset/plasmodium-phone-0319.jpg,324,315,364,355,Malaria
/home/i008/googledrive/Projects/malaria/malaria_dataset/plasmodium-phone-0762.jpg,71,616,111,656,Malaria
/home/i008/googledrive/Projects/malaria/malaria_dataset/plasmodium-phone-0949.jpg,282,494,322,534,Malaria
/home/i008/googledrive/Projects/malaria/malaria_dataset/plasmodium-phone-0202.jpg,376,208,417,248,Malaria
/home/i008/googledrive/Projects/malaria/malaria_dataset/plasmodium-phone-1021.jpg,192,633,232,673,Malaria
/home/i008/googledrive/Projects/malaria/malaria_dataset/plasmodium-phone-0067.jpg,659,378,699,418,Malaria
/home/i008/googledrive/Projects/malaria/malaria_dataset/plasmodium-phone-0934.jpg,680,288,720,328,Malaria
/home/i008/googledrive/Projects/malaria/malaria_dataset/plasmodium-phone-0702.jpg,423,237,463,277,Malaria
/home/i008/googledrive/Projects/malaria/malaria_dataset/plasmodium-phone-0466.jpg,507,316,547,356,Malaria
/home/i008/googledrive/Projects/malaria/malaria_dataset/plasmodium-phone-1021.jpg,173,707,213,747,Malaria
/home/i008/googledrive/Projects/malaria/malaria_dataset/plasmodium-phone-0115.jpg,94,363,134,403,Malaria
/home/i008/googledrive/Projects/malaria/malaria_dataset/plasmodium-phone-0337.jpg,460,4,501,44,Malaria
/home/i008/googledrive/Projects/malaria/malaria_dataset/plasmodium-phone-0649.jpg,-4,53,35,93,Malaria
/home/i008/googledrive/Projects/malaria/malaria_dataset/plasmodium-phone-0648.jpg,270,549,310,589,Malaria
/home/i008/googledrive/Projects/malaria/malaria_dataset/plasmodium-phone-0242.jpg,296,361,336,401,Malaria
/home/i008/googledrive/Projects/malaria/malaria_dataset/plasmodium-phone-0984.jpg,607,621,647,661,Malaria
/home/i008/googledrive/Projects/malaria/malaria_dataset/plasmodium-phone-0339.jpg,213,536,253,576,Malaria
/home/i008/googledrive/Projects/malaria/malaria_dataset/plasmodium-phone-0347.jpg,26,116,66,156,Malaria
/home/i008/googledrive/Projects/malaria/malaria_dataset/plasmodium-phone-0115.jpg,481,549,521,589,Malaria
/home/i008/googledrive/Projects/malaria/malaria_dataset/plasmodium-phone-0321.jpg,380,150,420,190,Malaria
/home/i008/googledrive/Projects/malaria/malaria_dataset/plasmodium-phone-0424.jpg,461,256,501,296,Malaria
/home/i008/googledrive/Projects/malaria/malaria_dataset/plasmodium-phone-0433.jpg,254,506,294,546,Malaria
/home/i008/googledrive/Projects/malaria/malaria_dataset/plasmodium-phone-1021.jpg,693,493,733,533,Malaria
/home/i008/googledrive/Projects/malaria/malaria_dataset/plasmodium-phone-0307.jpg,116,87,156,127,Malaria
/home/i008/googledrive/Projects/malaria/malaria_dataset/plasmodium-phone-0319.jpg,412,251,452,291,Malaria
/home/i008/googledrive/Projects/malaria/malaria_dataset/plasmodium-phone-0934.jpg,44,671,84,711,Malaria
/home/i008/googledrive/Projects/malaria/malaria_dataset/plasmodium-phone-0172.jpg,54,620,94,660,Malaria
/home/i008/googledrive/Projects/malaria/malaria_dataset/plasmodium-phone-0128.jpg,615,316,655,356,Malaria
/home/i008/googledrive/Projects/malaria/malaria_dataset/plasmodium-phone-0245.jpg,515,666,555,706,Malaria
/home/i008/googledrive/Projects/malaria/malaria_dataset/plasmodium-phone-0848.jpg,637,545,677,585,Malaria
/home/i008/googledrive/Projects/malaria/malaria_dataset/plasmodium-phone-0949.jpg,315,686,355,726,Malaria
/home/i008/googledrive/Projects/malaria/malaria_dataset/plasmodium-phone-0589.jpg,399,261,439,301,Malaria
/home/i008/googledrive/Projects/malaria/malaria_dataset/plasmodium-phone-0245.jpg,508,568,548,608,Malaria
/home/i008/googledrive/Projects/malaria/malaria_dataset/plasmodium-phone-0204.jpg,151,440,191,480,Malaria
/home/i008/googledrive/Projects/malaria/malaria_dataset/plasmodium-phone-0242.jpg,256,624,296,664,Malaria
/home/i008/googledrive/Projects/malaria/malaria_dataset/plasmodium-phone-0673.jpg,419,170,459,210,Malaria
/home/i008/googledrive/Projects/malaria/malaria_dataset/plasmodium-phone-0924.jpg,284,276,324,316,Malaria
/home/i008/googledrive/Projects/malaria/malaria_dataset/plasmodium-phone-0337.jpg,34,119,74,159,Malaria
/home/i008/googledrive/Projects/malaria/malaria_dataset/plasmodium-phone-0319.jpg,570,709,610,749,Malaria
/home/i008/googledrive/Projects/malaria/malaria_dataset/plasmodium-phone-0624.jpg,564,625,604,665,Malaria
/home/i008/googledrive/Projects/malaria/malaria_dataset/plasmodium-phone-0321.jpg,77,51,117,91,Malaria
/home/i008/googledrive/Projects/malaria/malaria_dataset/plasmodium-phone-1056.jpg,349,607,389,647,Malaria
/home/i008/googledrive/Projects/malaria/malaria_dataset/plasmodium-phone-0875.jpg,-11,247,28,287,Malaria
/home/i008/googledrive/Projects/malaria/malaria_dataset/plasmodium-phone-0648.jpg,532,559,573,599,Malaria
/home/i008/googledrive/Projects/malaria/malaria_dataset/plasmodium-phone-0941.jpg,-3,355,36,395,Malaria
/home/i008/googledrive/Projects/malaria/malaria_dataset/plasmodium-phone-0245.jpg,373,656,416,696,Malaria
/home/i008/googledrive/Projects/malaria/malaria_dataset/plasmodium-phone-0548.jpg,280,137,320,177,Malaria
/home/i008/googledrive/Projects/malaria/malaria_dataset/plasmodium-phone-0433.jpg,126,86,166,127,Malaria
/home/i008/googledrive/Projects/malaria/malaria_dataset/plasmodium-phone-0980.jpg,414,197,454,237,Malaria
/home/i008/googledrive/Projects/malaria/malaria_dataset/plasmodium-phone-0917.jpg,485,393,525,433,Malaria
/home/i008/googledrive/Projects/malaria/malaria_dataset/plasmodium-phone-1041.jpg,621,359,661,399,Malaria
/home/i008/googledrive/Projects/malaria/malaria_dataset/plasmodium-phone-0319.jpg,228,715,268,755,Malaria
/home/i008/googledrive/Projects/malaria/malaria_dataset/plasmodium-phone-0920.jpg,369,495,409,535,Malaria
/home/i008/googledrive/Projects/malaria/malaria_dataset/plasmodium-phone-0984.jpg,58,698,98,738,Malaria
/home/i008/googledrive/Projects/malaria/malaria_dataset/plasmodium-phone-0552.jpg,590,479,630,519,Malaria
/home/i008/googledrive/Projects/malaria/malaria_dataset/plasmodium-phone-0499.jpg,322,298,362,338,Malaria
/home/i008/googledrive/Projects/malaria/malaria_dataset/plasmodium-phone-0924.jpg,70,378,110,418,Malaria
/home/i008/googledrive/Projects/malaria/malaria_dataset/plasmodium-phone-0920.jpg,407,293,447,333,Malaria
/home/i008/googledrive/Projects/malaria/malaria_dataset/plasmodium-phone-0663.jpg,132,14,172,54,Malaria
/home/i008/googledrive/Projects/malaria/malaria_dataset/plasmodium-phone-0166.jpg,580,38,620,78,Malaria
/home/i008/googledrive/Projects/malaria/malaria_dataset/plasmodium-phone-0934.jpg,309,660,349,700,Malaria
/home/i008/googledrive/Projects/malaria/malaria_dataset/plasmodium-phone-0794.jpg,382,370,422,410,Malaria
/home/i008/googledrive/Projects/malaria/malaria_dataset/plasmodium-phone-0756.jpg,619,171,659,211,Malaria
/home/i008/googledrive/Projects/malaria/malaria_dataset/plasmodium-phone-0563.jpg,149,38,189,78,Malaria
/home/i008/googledrive/Projects/malaria/malaria_dataset/plasmodium-phone-0067.jpg,562,636,602,676,Malaria
/home/i008/googledrive/Projects/malaria/malaria_dataset/plasmodium-phone-0756.jpg,483,108,523,148,Malaria
/home/i008/googledrive/Projects/malaria/malaria_dataset/plasmodium-phone-0920.jpg,573,257,613,297,Malaria
/home/i008/googledrive/Projects/malaria/malaria_dataset/plasmodium-phone-0548.jpg,33,373,73,413,Malaria
/home/i008/googledrive/Projects/malaria/malaria_dataset/plasmodium-phone-0512.jpg,613,586,653,626,Malaria
/home/i008/googledrive/Projects/malaria/malaria_dataset/plasmodium-phone-0337.jpg,410,397,450,437,Malaria
/home/i008/googledrive/Projects/malaria/malaria_dataset/plasmodium-phone-0218.jpg,681,597,721,637,Malaria
/home/i008/googledrive/Projects/malaria/malaria_dataset/plasmodium-phone-0511.jpg,440,547,480,587,Malaria
/home/i008/googledrive/Projects/malaria/malaria_dataset/plasmodium-phone-0791.jpg,541,413,581,453,Malaria
/home/i008/googledrive/Projects/malaria/malaria_dataset/plasmodium-phone-0433.jpg,90,345,130,385,Malaria
/home/i008/googledrive/Projects/malaria/malaria_dataset/plasmodium-phone-1154.jpg,324,396,364,436,Malaria
/home/i008/googledrive/Projects/malaria/malaria_dataset/plasmodium-phone-0115.jpg,259,629,299,669,Malaria
/home/i008/googledrive/Projects/malaria/malaria_dataset/plasmodium-phone-1056.jpg,180,305,220,345,Malaria
/home/i008/googledrive/Projects/malaria/malaria_dataset/plasmodium-phone-0999.jpg,230,337,270,377,Malaria
/home/i008/googledrive/Projects/malaria/malaria_dataset/plasmodium-phone-0128.jpg,161,239,201,279,Malaria
/home/i008/googledrive/Projects/malaria/malaria_dataset/plasmodium-phone-0920.jpg,458,104,498,144,Malaria
/home/i008/googledrive/Projects/malaria/malaria_dataset/plasmodium-phone-0980.jpg,24,403,64,443,Malaria
/home/i008/googledrive/Projects/malaria/malaria_dataset/plasmodium-phone-0511.jpg,136,388,178,428,Malaria
/home/i008/googledrive/Projects/malaria/malaria_dataset/plasmodium-phone-0234.jpg,334,218,374,258,Malaria
/home/i008/googledrive/Projects/malaria/malaria_dataset/plasmodium-phone-0172.jpg,678,14,718,54,Malaria
/home/i008/googledrive/Projects/malaria/malaria_dataset/plasmodium-phone-1021.jpg,447,239,487,279,Malaria
/home/i008/googledrive/Projects/malaria/malaria_dataset/plasmodium-phone-0172.jpg,209,296,249,336,Malaria
/home/i008/googledrive/Projects/malaria/malaria_dataset/plasmodium-phone-0698.jpg,526,372,566,412,Malaria
/home/i008/googledrive/Projects/malaria/malaria_dataset/plasmodium-phone-0511.jpg,349,662,389,702,Malaria
/home/i008/googledrive/Projects/malaria/malaria_dataset/plasmodium-phone-0648.jpg,456,289,496,329,Malaria
/home/i008/googledrive/Projects/malaria/malaria_dataset/plasmodium-phone-0187.jpg,183,332,223,372,Malaria
/home/i008/googledrive/Projects/malaria/malaria_dataset/plasmodium-phone-0184.jpg,344,103,384,143,Malaria
/home/i008/googledrive/Projects/malaria/malaria_dataset/plasmodium-phone-0433.jpg,90,375,130,415,Malaria
/home/i008/googledrive/Projects/malaria/malaria_dataset/plasmodium-phone-0095.jpg,432,569,472,609,Malaria
/home/i008/googledrive/Projects/malaria/malaria_dataset/plasmodium-phone-1041.jpg,104,368,144,408,Malaria
/home/i008/googledrive/Projects/malaria/malaria_dataset/plasmodium-phone-0163.jpg,490,321,491,322,Malaria
/home/i008/googledrive/Projects/malaria/malaria_dataset/plasmodium-phone-1154.jpg,539,641,579,683,Malaria
/home/i008/googledrive/Projects/malaria/malaria_dataset/plasmodium-phone-1056.jpg,634,538,674,578,Malaria
/home/i008/googledrive/Projects/malaria/malaria_dataset/plasmodium-phone-0917.jpg,172,577,212,617,Malaria
/home/i008/googledrive/Projects/malaria/malaria_dataset/plasmodium-phone-1179.jpg,304,32,344,72,Malaria
/home/i008/googledrive/Projects/malaria/malaria_dataset/plasmodium-phone-0924.jpg,139,375,179,415,Malaria
/home/i008/googledrive/Projects/malaria/malaria_dataset/plasmodium-phone-0563.jpg,623,356,663,396,Malaria
/home/i008/googledrive/Projects/malaria/malaria_dataset/plasmodium-phone-0563.jpg,669,345,709,385,Malaria
/home/i008/googledrive/Projects/malaria/malaria_dataset/plasmodium-phone-0339.jpg,246,422,286,462,Malaria
/home/i008/googledrive/Projects/malaria/malaria_dataset/plasmodium-phone-1154.jpg,607,275,647,315,Malaria
/home/i008/googledrive/Projects/malaria/malaria_dataset/plasmodium-phone-0113.jpg,186,11,226,51,Malaria
/home/i008/googledrive/Projects/malaria/malaria_dataset/plasmodium-phone-1056.jpg,681,526,721,566,Malaria
/home/i008/googledrive/Projects/malaria/malaria_dataset/plasmodium-phone-0245.jpg,634,698,674,738,Malaria
/home/i008/googledrive/Projects/malaria/malaria_dataset/plasmodium-phone-0875.jpg,518,135,558,175,Malaria
/home/i008/googledrive/Projects/malaria/malaria_dataset/plasmodium-phone-0924.jpg,479,139,519,179,Malaria
/home/i008/googledrive/Projects/malaria/malaria_dataset/plasmodium-phone-0499.jpg,471,21,511,61,Malaria
/home/i008/googledrive/Projects/malaria/malaria_dataset/plasmodium-phone-0029.jpg,722,550,762,590,Malaria
/home/i008/googledrive/Projects/malaria/malaria_dataset/plasmodium-phone-0067.jpg,223,-16,263,23,Malaria
/home/i008/googledrive/Projects/malaria/malaria_dataset/plasmodium-phone-0919.jpg,16,7,56,47,Malaria
/home/i008/googledrive/Projects/malaria/malaria_dataset/plasmodium-phone-0337.jpg,151,198,191,238,Malaria
/home/i008/googledrive/Projects/malaria/malaria_dataset/plasmodium-phone-0563.jpg,423,456,463,496,Malaria
/home/i008/googledrive/Projects/malaria/malaria_dataset/plasmodium-phone-0548.jpg,180,431,220,471,Malaria
/home/i008/googledrive/Projects/malaria/malaria_dataset/plasmodium-phone-0563.jpg,213,553,253,593,Malaria
/home/i008/googledrive/Projects/malaria/malaria_dataset/plasmodium-phone-0406.jpg,325,232,365,272,Malaria
/home/i008/googledrive/Projects/malaria/malaria_dataset/plasmodium-phone-1099.jpg,-4,607,35,647,Malaria
/home/i008/googledrive/Projects/malaria/malaria_dataset/plasmodium-phone-0698.jpg,622,643,662,683,Malaria
/home/i008/googledrive/Projects/malaria/malaria_dataset/plasmodium-phone-0390.jpg,306,676,346,716,Malaria
/home/i008/googledrive/Projects/malaria/malaria_dataset/plasmodium-phone-0204.jpg,189,714,229,755,Malaria
/home/i008/googledrive/Projects/malaria/malaria_dataset/plasmodium-phone-0875.jpg,53,19,93,59,Malaria
/home/i008/googledrive/Projects/malaria/malaria_dataset/plasmodium-phone-0924.jpg,610,346,650,386,Malaria
/home/i008/googledrive/Projects/malaria/malaria_dataset/plasmodium-phone-0949.jpg,404,433,444,473,Malaria
/home/i008/googledrive/Projects/malaria/malaria_dataset/plasmodium-phone-0390.jpg,4,16,44,56,Malaria
/home/i008/googledrive/Projects/malaria/malaria_dataset/plasmodium-phone-0163.jpg,243,701,283,741,Malaria
/home/i008/googledrive/Projects/malaria/malaria_dataset/plasmodium-phone-0941.jpg,272,605,312,645,Malaria
/home/i008/googledrive/Projects/malaria/malaria_dataset/plasmodium-phone-0184.jpg,509,439,549,479,Malaria
/home/i008/googledrive/Projects/malaria/malaria_dataset/plasmodium-phone-1032.jpg,7,573,47,613,Malaria
/home/i008/googledrive/Projects/malaria/malaria_dataset/plasmodium-phone-0762.jpg,56,427,96,467,Malaria
/home/i008/googledrive/Projects/malaria/malaria_dataset/plasmodium-phone-1099.jpg,278,74,318,114,Malaria
/home/i008/googledrive/Projects/malaria/malaria_dataset/plasmodium-phone-0166.jpg,304,179,344,219,Malaria
/home/i008/googledrive/Projects/malaria/malaria_dataset/plasmodium-phone-0934.jpg,431,70,473,110,Malaria
/home/i008/googledrive/Projects/malaria/malaria_dataset/plasmodium-phone-0698.jpg,337,625,377,665,Malaria
/home/i008/googledrive/Projects/malaria/malaria_dataset/plasmodium-phone-0984.jpg,132,120,172,160,Malaria
/home/i008/googledrive/Projects/malaria/malaria_dataset/plasmodium-phone-0673.jpg,550,336,590,376,Malaria
/home/i008/googledrive/Projects/malaria/malaria_dataset/plasmodium-phone-0756.jpg,91,264,131,304,Malaria
/home/i008/googledrive/Projects/malaria/malaria_dataset/plasmodium-phone-0762.jpg,35,53,75,93,Malaria
/home/i008/googledrive/Projects/malaria/malaria_dataset/plasmodium-phone-0466.jpg,643,584,683,624,Malaria
/home/i008/googledrive/Projects/malaria/malaria_dataset/plasmodium-phone-0184.jpg,178,80,218,120,Malaria
/home/i008/googledrive/Projects/malaria/malaria_dataset/plasmodium-phone-0602.jpg,34,-6,74,33,Malaria
/home/i008/googledrive/Projects/malaria/malaria_dataset/plasmodium-phone-0184.jpg,710,-6,750,33,Malaria
/home/i008/googledrive/Projects/malaria/malaria_dataset/plasmodium-phone-0934.jpg,414,213,454,253,Malaria
/home/i008/googledrive/Projects/malaria/malaria_dataset/plasmodium-phone-0934.jpg,433,613,473,653,Malaria
/home/i008/googledrive/Projects/malaria/malaria_dataset/plasmodium-phone-0589.jpg,102,126,142,166,Malaria
/home/i008/googledrive/Projects/malaria/malaria_dataset/plasmodium-phone-0339.jpg,475,560,515,600,Malaria
/home/i008/googledrive/Projects/malaria/malaria_dataset/plasmodium-phone-0513.jpg,56,37,96,77,Malaria
/home/i008/googledrive/Projects/malaria/malaria_dataset/plasmodium-phone-0115.jpg,149,79,189,119,Malaria
/home/i008/googledrive/Projects/malaria/malaria_dataset/plasmodium-phone-0389.jpg,44,332,84,372,Malaria
/home/i008/googledrive/Projects/malaria/malaria_dataset/plasmodium-phone-0762.jpg,608,364,648,404,Malaria
/home/i008/googledrive/Projects/malaria/malaria_dataset/plasmodium-phone-0649.jpg,343,360,383,400,Malaria
/home/i008/googledrive/Projects/malaria/malaria_dataset/plasmodium-phone-0756.jpg,50,643,90,683,Malaria
/home/i008/googledrive/Projects/malaria/malaria_dataset/plasmodium-phone-0607.jpg,332,591,372,631,Malaria
/home/i008/googledrive/Projects/malaria/malaria_dataset/plasmodium-phone-1099.jpg,109,342,149,382,Malaria
/home/i008/googledrive/Projects/malaria/malaria_dataset/plasmodium-phone-0337.jpg,56,53,96,93,Malaria
/home/i008/googledrive/Projects/malaria/malaria_dataset/plasmodium-phone-0980.jpg,220,497,260,538,Malaria
/home/i008/googledrive/Projects/malaria/malaria_dataset/plasmodium-phone-0999.jpg,520,700,560,740,Malaria
/home/i008/googledrive/Projects/malaria/malaria_dataset/plasmodium-phone-0172.jpg,344,56,384,96,Malaria
/home/i008/googledrive/Projects/malaria/malaria_dataset/plasmodium-phone-1056.jpg,315,718,355,758,Malaria
/home/i008/googledrive/Projects/malaria/malaria_dataset/plasmodium-phone-0975.jpg,547,373,588,413,Malaria
/home/i008/googledrive/Projects/malaria/malaria_dataset/plasmodium-phone-0848.jpg,519,638,559,678,Malaria
/home/i008/googledrive/Projects/malaria/malaria_dataset/plasmodium-phone-0184.jpg,235,541,275,581,Malaria
/home/i008/googledrive/Projects/malaria/malaria_dataset/plasmodium-phone-0999.jpg,6,348,47,388,Malaria
/home/i008/googledrive/Projects/malaria/malaria_dataset/plasmodium-phone-0187.jpg,254,634,294,674,Malaria
/home/i008/googledrive/Projects/malaria/malaria_dataset/plasmodium-phone-0589.jpg,170,609,210,649,Malaria
/home/i008/googledrive/Projects/malaria/malaria_dataset/plasmodium-phone-0184.jpg,598,45,638,85,Malaria
/home/i008/googledrive/Projects/malaria/malaria_dataset/plasmodium-phone-0924.jpg,61,660,101,700,Malaria
/home/i008/googledrive/Projects/malaria/malaria_dataset/plasmodium-phone-0999.jpg,462,125,502,165,Malaria
/home/i008/googledrive/Projects/malaria/malaria_dataset/plasmodium-phone-0624.jpg,363,456,403,496,Malaria
/home/i008/googledrive/Projects/malaria/malaria_dataset/plasmodium-phone-1099.jpg,304,340,344,380,Malaria
/home/i008/googledrive/Projects/malaria/malaria_dataset/plasmodium-phone-1179.jpg,567,332,607,372,Malaria
/home/i008/googledrive/Projects/malaria/malaria_dataset/plasmodium-phone-0242.jpg,469,182,509,222,Malaria
/home/i008/googledrive/Projects/malaria/malaria_dataset/plasmodium-phone-0624.jpg,697,189,737,229,Malaria
/home/i008/googledrive/Projects/malaria/malaria_dataset/plasmodium-phone-1021.jpg,110,693,150,733,Malaria
/home/i008/googledrive/Projects/malaria/malaria_dataset/plasmodium-phone-0433.jpg,389,366,429,406,Malaria
/home/i008/googledrive/Projects/malaria/malaria_dataset/plasmodium-phone-0920.jpg,677,119,717,159,Malaria
/home/i008/googledrive/Projects/malaria/malaria_dataset/plasmodium-phone-0924.jpg,230,700,270,740,Malaria
/home/i008/googledrive/Projects/malaria/malaria_dataset/plasmodium-phone-0756.jpg,438,284,478,324,Malaria
/home/i008/googledrive/Projects/malaria/malaria_dataset/plasmodium-phone-0513.jpg,66,-15,106,24,Malaria
/home/i008/googledrive/Projects/malaria/malaria_dataset/plasmodium-phone-0877.jpg,140,707,180,747,Malaria
/home/i008/googledrive/Projects/malaria/malaria_dataset/plasmodium-phone-1099.jpg,156,525,196,565,Malaria
/home/i008/googledrive/Projects/malaria/malaria_dataset/plasmodium-phone-0307.jpg,257,278,297,318,Malaria
/home/i008/googledrive/Projects/malaria/malaria_dataset/plasmodium-phone-0433.jpg,605,32,645,72,Malaria
/home/i008/googledrive/Projects/malaria/malaria_dataset/plasmodium-phone-0921.jpg,65,520,105,560,Malaria
/home/i008/googledrive/Projects/malaria/malaria_dataset/plasmodium-phone-0218.jpg,428,422,468,462,Malaria
/home/i008/googledrive/Projects/malaria/malaria_dataset/plasmodium-phone-1154.jpg,195,676,235,716,Malaria
/home/i008/googledrive/Projects/malaria/malaria_dataset/plasmodium-phone-0337.jpg,379,81,419,121,Malaria
/home/i008/googledrive/Projects/malaria/malaria_dataset/plasmodium-phone-0649.jpg,167,46,207,86,Malaria
/home/i008/googledrive/Projects/malaria/malaria_dataset/plasmodium-phone-0242.jpg,23,452,63,492,Malaria
/home/i008/googledrive/Projects/malaria/malaria_dataset/plasmodium-phone-0406.jpg,646,311,686,351,Malaria
/home/i008/googledrive/Projects/malaria/malaria_dataset/plasmodium-phone-0067.jpg,256,11,296,51,Malaria
/home/i008/googledrive/Projects/malaria/malaria_dataset/plasmodium-phone-0949.jpg,656,375,696,415,Malaria
/home/i008/googledrive/Projects/malaria/malaria_dataset/plasmodium-phone-0920.jpg,285,623,327,663,Malaria
/home/i008/googledrive/Projects/malaria/malaria_dataset/plasmodium-phone-0166.jpg,608,425,648,465,Malaria
/home/i008/googledrive/Projects/malaria/malaria_dataset/plasmodium-phone-0166.jpg,219,341,259,381,Malaria
/home/i008/googledrive/Projects/malaria/malaria_dataset/plasmodium-phone-0163.jpg,292,383,332,423,Malaria
/home/i008/googledrive/Projects/malaria/malaria_dataset/plasmodium-phone-1099.jpg,151,253,191,293,Malaria
/home/i008/googledrive/Projects/malaria/malaria_dataset/plasmodium-phone-1041.jpg,391,597,431,637,Malaria
/home/i008/googledrive/Projects/malaria/malaria_dataset/plasmodium-phone-0589.jpg,196,401,236,441,Malaria
/home/i008/googledrive/Projects/malaria/malaria_dataset/plasmodium-phone-0202.jpg,604,405,644,445,Malaria
/home/i008/googledrive/Projects/malaria/malaria_dataset/plasmodium-phone-0589.jpg,705,377,745,417,Malaria
/home/i008/googledrive/Projects/malaria/malaria_dataset/plasmodium-phone-0698.jpg,342,293,382,333,Malaria
/home/i008/googledrive/Projects/malaria/malaria_dataset/plasmodium-phone-0128.jpg,197,444,237,484,Malaria
/home/i008/googledrive/Projects/malaria/malaria_dataset/plasmodium-phone-0875.jpg,24,512,64,552,Malaria
/home/i008/googledrive/Projects/malaria/malaria_dataset/plasmodium-phone-1056.jpg,270,131,310,171,Malaria
/home/i008/googledrive/Projects/malaria/malaria_dataset/plasmodium-phone-0084.jpg,676,539,716,579,Malaria
/home/i008/googledrive/Projects/malaria/malaria_dataset/plasmodium-phone-1021.jpg,28,406,68,446,Malaria
/home/i008/googledrive/Projects/malaria/malaria_dataset/plasmodium-phone-0265.jpg,185,517,225,557,Malaria
/home/i008/googledrive/Projects/malaria/malaria_dataset/plasmodium-phone-0166.jpg,437,372,477,412,Malaria
/home/i008/googledrive/Projects/malaria/malaria_dataset/plasmodium-phone-0648.jpg,380,194,420,234,Malaria
/home/i008/googledrive/Projects/malaria/malaria_dataset/plasmodium-phone-0113.jpg,469,255,509,295,Malaria
/home/i008/googledrive/Projects/malaria/malaria_dataset/plasmodium-phone-1021.jpg,73,336,113,376,Malaria
/home/i008/googledrive/Projects/malaria/malaria_dataset/plasmodium-phone-1179.jpg,413,17,453,57,Malaria
/home/i008/googledrive/Projects/malaria/malaria_dataset/plasmodium-phone-0337.jpg,501,38,541,78,Malaria
/home/i008/googledrive/Projects/malaria/malaria_dataset/plasmodium-phone-1099.jpg,234,306,274,346,Malaria
/home/i008/googledrive/Projects/malaria/malaria_dataset/plasmodium-phone-0166.jpg,637,232,677,272,Malaria
/home/i008/googledrive/Projects/malaria/malaria_dataset/plasmodium-phone-0607.jpg,248,610,288,651,Malaria
/home/i008/googledrive/Projects/malaria/malaria_dataset/plasmodium-phone-0919.jpg,370,141,410,181,Malaria
/home/i008/googledrive/Projects/malaria/malaria_dataset/plasmodium-phone-0128.jpg,528,516,568,556,Malaria
/home/i008/googledrive/Projects/malaria/malaria_dataset/plasmodium-phone-0223.jpg,607,420,647,460,Malaria
/home/i008/googledrive/Projects/malaria/malaria_dataset/plasmodium-phone-0329.jpg,556,660,597,700,Malaria
/home/i008/googledrive/Projects/malaria/malaria_dataset/plasmodium-phone-0924.jpg,450,604,490,644,Malaria
/home/i008/googledrive/Projects/malaria/malaria_dataset/plasmodium-phone-0756.jpg,139,496,179,536,Malaria
/home/i008/googledrive/Projects/malaria/malaria_dataset/plasmodium-phone-0466.jpg,44,117,84,157,Malaria
/home/i008/googledrive/Projects/malaria/malaria_dataset/plasmodium-phone-0917.jpg,135,363,175,403,Malaria
/home/i008/googledrive/Projects/malaria/malaria_dataset/plasmodium-phone-0984.jpg,90,166,132,206,Malaria
/home/i008/googledrive/Projects/malaria/malaria_dataset/plasmodium-phone-0791.jpg,373,375,413,415,Malaria
/home/i008/googledrive/Projects/malaria/malaria_dataset/plasmodium-phone-0406.jpg,717,513,757,553,Malaria
/home/i008/googledrive/Projects/malaria/malaria_dataset/plasmodium-phone-0677.jpg,49,196,89,236,Malaria
/home/i008/googledrive/Projects/malaria/malaria_dataset/plasmodium-phone-0649.jpg,425,510,465,550,Malaria
/home/i008/googledrive/Projects/malaria/malaria_dataset/plasmodium-phone-0172.jpg,223,607,263,647,Malaria
/home/i008/googledrive/Projects/malaria/malaria_dataset/plasmodium-phone-0172.jpg,344,128,384,168,Malaria
/home/i008/googledrive/Projects/malaria/malaria_dataset/plasmodium-phone-0999.jpg,613,192,653,232,Malaria
/home/i008/googledrive/Projects/malaria/malaria_dataset/plasmodium-phone-0698.jpg,72,289,112,329,Malaria
/home/i008/googledrive/Projects/malaria/malaria_dataset/plasmodium-phone-0305.jpg,325,503,365,543,Malaria
/home/i008/googledrive/Projects/malaria/malaria_dataset/plasmodium-phone-0624.jpg,479,421,519,461,Malaria
/home/i008/googledrive/Projects/malaria/malaria_dataset/plasmodium-phone-1179.jpg,647,714,687,754,Malaria
/home/i008/googledrive/Projects/malaria/malaria_dataset/plasmodium-phone-0762.jpg,175,-2,215,37,Malaria
/home/i008/googledrive/Projects/malaria/malaria_dataset/plasmodium-phone-0307.jpg,605,226,645,266,Malaria
/home/i008/googledrive/Projects/malaria/malaria_dataset/plasmodium-phone-0319.jpg,519,364,559,404,Malaria
/home/i008/googledrive/Projects/malaria/malaria_dataset/plasmodium-phone-0702.jpg,546,218,586,258,Malaria
/home/i008/googledrive/Projects/malaria/malaria_dataset/plasmodium-phone-0329.jpg,504,430,544,470,Malaria
/home/i008/googledrive/Projects/malaria/malaria_dataset/plasmodium-phone-0172.jpg,414,479,454,519,Malaria
/home/i008/googledrive/Projects/malaria/malaria_dataset/plasmodium-phone-0999.jpg,152,175,192,215,Malaria
/home/i008/googledrive/Projects/malaria/malaria_dataset/plasmodium-phone-0115.jpg,704,398,744,438,Malaria
/home/i008/googledrive/Projects/malaria/malaria_dataset/plasmodium-phone-0232.jpg,461,517,501,557,Malaria
/home/i008/googledrive/Projects/malaria/malaria_dataset/plasmodium-phone-0511.jpg,75,581,115,621,Malaria
/home/i008/googledrive/Projects/malaria/malaria_dataset/plasmodium-phone-0649.jpg,242,104,282,144,Malaria
/home/i008/googledrive/Projects/malaria/malaria_dataset/plasmodium-phone-0999.jpg,647,657,687,697,Malaria
/home/i008/googledrive/Projects/malaria/malaria_dataset/plasmodium-phone-0791.jpg,230,705,270,745,Malaria
/home/i008/googledrive/Projects/malaria/malaria_dataset/plasmodium-phone-0166.jpg,413,311,453,351,Malaria
/home/i008/googledrive/Projects/malaria/malaria_dataset/plasmodium-phone-0052.jpg,514,589,554,629,Malaria
/home/i008/googledrive/Projects/malaria/malaria_dataset/plasmodium-phone-0919.jpg,26,202,66,242,Malaria
/home/i008/googledrive/Projects/malaria/malaria_dataset/plasmodium-phone-0307.jpg,28,197,68,237,Malaria
/home/i008/googledrive/Projects/malaria/malaria_dataset/plasmodium-phone-0999.jpg,201,688,241,728,Malaria
/home/i008/googledrive/Projects/malaria/malaria_dataset/plasmodium-phone-1041.jpg,126,336,166,376,Malaria
/home/i008/googledrive/Projects/malaria/malaria_dataset/plasmodium-phone-1099.jpg,114,392,154,432,Malaria
/home/i008/googledrive/Projects/malaria/malaria_dataset/plasmodium-phone-0698.jpg,16,363,56,403,Malaria
/home/i008/googledrive/Projects/malaria/malaria_dataset/plasmodium-phone-0649.jpg,333,251,373,291,Malaria
/home/i008/googledrive/Projects/malaria/malaria_dataset/plasmodium-phone-0917.jpg,267,671,307,711,Malaria
/home/i008/googledrive/Projects/malaria/malaria_dataset/plasmodium-phone-0234.jpg,730,16,770,56,Malaria
/home/i008/googledrive/Projects/malaria/malaria_dataset/plasmodium-phone-0999.jpg,462,684,502,724,Malaria
/home/i008/googledrive/Projects/malaria/malaria_dataset/plasmodium-phone-0635.jpg,702,664,742,704,Malaria
/home/i008/googledrive/Projects/malaria/malaria_dataset/plasmodium-phone-0389.jpg,140,508,180,548,Malaria
/home/i008/googledrive/Projects/malaria/malaria_dataset/plasmodium-phone-0924.jpg,607,379,647,419,Malaria
/home/i008/googledrive/Projects/malaria/malaria_dataset/plasmodium-phone-0762.jpg,102,321,142,361,Malaria
/home/i008/googledrive/Projects/malaria/malaria_dataset/plasmodium-phone-0673.jpg,300,367,340,407,Malaria
/home/i008/googledrive/Projects/malaria/malaria_dataset/plasmodium-phone-0211.jpg,144,329,184,369,Malaria
/home/i008/googledrive/Projects/malaria/malaria_dataset/plasmodium-phone-0245.jpg,514,250,554,290,Malaria
/home/i008/googledrive/Projects/malaria/malaria_dataset/plasmodium-phone-0337.jpg,7,166,47,206,Malaria
/home/i008/googledrive/Projects/malaria/malaria_dataset/plasmodium-phone-0949.jpg,281,144,321,184,Malaria
/home/i008/googledrive/Projects/malaria/malaria_dataset/plasmodium-phone-0762.jpg,186,157,226,197,Malaria
/home/i008/googledrive/Projects/malaria/malaria_dataset/plasmodium-phone-0184.jpg,547,256,587,296,Malaria
/home/i008/googledrive/Projects/malaria/malaria_dataset/plasmodium-phone-0953.jpg,132,483,172,523,Malaria
/home/i008/googledrive/Projects/malaria/malaria_dataset/plasmodium-phone-0848.jpg,316,368,356,408,Malaria
/home/i008/googledrive/Projects/malaria/malaria_dataset/plasmodium-phone-0984.jpg,363,416,403,456,Malaria
/home/i008/googledrive/Projects/malaria/malaria_dataset/plasmodium-phone-0920.jpg,349,261,389,301,Malaria
/home/i008/googledrive/Projects/malaria/malaria_dataset/plasmodium-phone-0166.jpg,63,169,103,209,Malaria
/home/i008/googledrive/Projects/malaria/malaria_dataset/plasmodium-phone-0245.jpg,624,360,664,400,Malaria
/home/i008/googledrive/Projects/malaria/malaria_dataset/plasmodium-phone-0919.jpg,518,578,558,618,Malaria
/home/i008/googledrive/Projects/malaria/malaria_dataset/plasmodium-phone-0949.jpg,313,628,353,668,Malaria
/home/i008/googledrive/Projects/malaria/malaria_dataset/plasmodium-phone-0258.jpg,330,502,370,542,Malaria
/home/i008/googledrive/Projects/malaria/malaria_dataset/plasmodium-phone-0512.jpg,109,0,149,40,Malaria
/home/i008/googledrive/Projects/malaria/malaria_dataset/plasmodium-phone-1056.jpg,695,440,735,480,Malaria
/home/i008/googledrive/Projects/malaria/malaria_dataset/plasmodium-phone-0337.jpg,208,406,248,446,Malaria
/home/i008/googledrive/Projects/malaria/malaria_dataset/plasmodium-phone-0649.jpg,254,31,294,71,Malaria
/home/i008/googledrive/Projects/malaria/malaria_dataset/plasmodium-phone-0589.jpg,577,663,617,703,Malaria
/home/i008/googledrive/Projects/malaria/malaria_dataset/plasmodium-phone-0762.jpg,379,41,419,81,Malaria
/home/i008/googledrive/Projects/malaria/malaria_dataset/plasmodium-phone-0673.jpg,379,484,419,524,Malaria
/home/i008/googledrive/Projects/malaria/malaria_dataset/plasmodium-phone-0701.jpg,675,647,715,687,Malaria
/home/i008/googledrive/Projects/malaria/malaria_dataset/plasmodium-phone-0067.jpg,462,382,502,422,Malaria
/home/i008/googledrive/Projects/malaria/malaria_dataset/plasmodium-phone-0466.jpg,59,274,99,314,Malaria
/home/i008/googledrive/Projects/malaria/malaria_dataset/plasmodium-phone-0941.jpg,685,459,725,499,Malaria
/home/i008/googledrive/Projects/malaria/malaria_dataset/plasmodium-phone-0999.jpg,376,418,416,458,Malaria
/home/i008/googledrive/Projects/malaria/malaria_dataset/plasmodium-phone-0663.jpg,43,159,83,199,Malaria
/home/i008/googledrive/Projects/malaria/malaria_dataset/plasmodium-phone-0941.jpg,699,707,739,747,Malaria
/home/i008/googledrive/Projects/malaria/malaria_dataset/plasmodium-phone-0512.jpg,284,70,324,110,Malaria
/home/i008/googledrive/Projects/malaria/malaria_dataset/plasmodium-phone-0762.jpg,95,16,135,56,Malaria
/home/i008/googledrive/Projects/malaria/malaria_dataset/plasmodium-phone-0649.jpg,668,675,708,715,Malaria
/home/i008/googledrive/Projects/malaria/malaria_dataset/plasmodium-phone-0223.jpg,699,276,739,316,Malaria
/home/i008/googledrive/Projects/malaria/malaria_dataset/plasmodium-phone-0319.jpg,153,-5,193,34,Malaria
/home/i008/googledrive/Projects/malaria/malaria_dataset/plasmodium-phone-0934.jpg,600,717,640,757,Malaria
/home/i008/googledrive/Projects/malaria/malaria_dataset/plasmodium-phone-0406.jpg,109,483,149,523,Malaria
/home/i008/googledrive/Projects/malaria/malaria_dataset/plasmodium-phone-0984.jpg,57,522,97,562,Malaria
/home/i008/googledrive/Projects/malaria/malaria_dataset/plasmodium-phone-1041.jpg,147,605,187,645,Malaria
/home/i008/googledrive/Projects/malaria/malaria_dataset/plasmodium-phone-0548.jpg,700,367,740,407,Malaria
/home/i008/googledrive/Projects/malaria/malaria_dataset/plasmodium-phone-0307.jpg,539,607,579,647,Malaria
/home/i008/googledrive/Projects/malaria/malaria_dataset/plasmodium-phone-1032.jpg,40,189,80,229,Malaria
/home/i008/googledrive/Projects/malaria/malaria_dataset/plasmodium-phone-1056.jpg,128,279,168,319,Malaria
/home/i008/googledrive/Projects/malaria/malaria_dataset/plasmodium-phone-0552.jpg,140,473,180,513,Malaria
/home/i008/googledrive/Projects/malaria/malaria_dataset/plasmodium-phone-0984.jpg,235,638,275,678,Malaria
/home/i008/googledrive/Projects/malaria/malaria_dataset/plasmodium-phone-0924.jpg,203,709,243,749,Malaria
/home/i008/googledrive/Projects/malaria/malaria_dataset/plasmodium-phone-0433.jpg,400,596,440,636,Malaria
/home/i008/googledrive/Projects/malaria/malaria_dataset/plasmodium-phone-0791.jpg,329,531,369,571,Malaria
/home/i008/googledrive/Projects/malaria/malaria_dataset/plasmodium-phone-0663.jpg,427,599,467,639,Malaria
/home/i008/googledrive/Projects/malaria/malaria_dataset/plasmodium-phone-0184.jpg,63,245,103,286,Malaria
/home/i008/googledrive/Projects/malaria/malaria_dataset/plasmodium-phone-0917.jpg,167,5,207,45,Malaria
/home/i008/googledrive/Projects/malaria/malaria_dataset/plasmodium-phone-0949.jpg,529,384,569,424,Malaria
/home/i008/googledrive/Projects/malaria/malaria_dataset/plasmodium-phone-0433.jpg,376,400,416,440,Malaria
/home/i008/googledrive/Projects/malaria/malaria_dataset/plasmodium-phone-0702.jpg,272,302,312,342,Malaria
/home/i008/googledrive/Projects/malaria/malaria_dataset/plasmodium-phone-0029.jpg,708,486,748,526,Malaria
/home/i008/googledrive/Projects/malaria/malaria_dataset/plasmodium-phone-0389.jpg,91,616,131,656,Malaria
/home/i008/googledrive/Projects/malaria/malaria_dataset/plasmodium-phone-0924.jpg,355,579,395,619,Malaria
/home/i008/googledrive/Projects/malaria/malaria_dataset/plasmodium-phone-1056.jpg,177,9,217,49,Malaria
/home/i008/googledrive/Projects/malaria/malaria_dataset/plasmodium-phone-0319.jpg,553,123,593,163,Malaria
/home/i008/googledrive/Projects/malaria/malaria_dataset/plasmodium-phone-0184.jpg,257,102,297,142,Malaria
/home/i008/googledrive/Projects/malaria/malaria_dataset/plasmodium-phone-0115.jpg,436,399,476,439,Malaria
/home/i008/googledrive/Projects/malaria/malaria_dataset/plasmodium-phone-0423.jpg,195,629,235,669,Malaria
/home/i008/googledrive/Projects/malaria/malaria_dataset/plasmodium-phone-0265.jpg,493,132,533,172,Malaria
/home/i008/googledrive/Projects/malaria/malaria_dataset/plasmodium-phone-0265.jpg,83,393,123,433,Malaria
/home/i008/googledrive/Projects/malaria/malaria_dataset/plasmodium-phone-0466.jpg,310,692,350,732,Malaria
/home/i008/googledrive/Projects/malaria/malaria_dataset/plasmodium-phone-0319.jpg,149,639,189,679,Malaria
/home/i008/googledrive/Projects/malaria/malaria_dataset/plasmodium-phone-0211.jpg,429,403,469,443,Malaria
/home/i008/googledrive/Projects/malaria/malaria_dataset/plasmodium-phone-0172.jpg,380,645,420,685,Malaria
/home/i008/googledrive/Projects/malaria/malaria_dataset/plasmodium-phone-0305.jpg,10,270,50,310,Malaria
/home/i008/googledrive/Projects/malaria/malaria_dataset/plasmodium-phone-0673.jpg,379,168,419,208,Malaria
/home/i008/googledrive/Projects/malaria/malaria_dataset/plasmodium-phone-0218.jpg,462,145,502,185,Malaria
/home/i008/googledrive/Projects/malaria/malaria_dataset/plasmodium-phone-0084.jpg,356,660,396,700,Malaria
/home/i008/googledrive/Projects/malaria/malaria_dataset/plasmodium-phone-0499.jpg,162,94,202,134,Malaria
/home/i008/googledrive/Projects/malaria/malaria_dataset/plasmodium-phone-0337.jpg,89,98,129,138,Malaria
/home/i008/googledrive/Projects/malaria/malaria_dataset/plasmodium-phone-0406.jpg,566,522,606,562,Malaria
/home/i008/googledrive/Projects/malaria/malaria_dataset/plasmodium-phone-0232.jpg,517,647,557,687,Malaria
/home/i008/googledrive/Projects/malaria/malaria_dataset/plasmodium-phone-0166.jpg,362,375,402,415,Malaria
/home/i008/googledrive/Projects/malaria/malaria_dataset/plasmodium-phone-1024.jpg,428,244,468,284,Malaria
/home/i008/googledrive/Projects/malaria/malaria_dataset/plasmodium-phone-1024.jpg,257,411,297,451,Malaria
/home/i008/googledrive/Projects/malaria/malaria_dataset/plasmodium-phone-0319.jpg,14,458,54,498,Malaria
/home/i008/googledrive/Projects/malaria/malaria_dataset/plasmodium-phone-0673.jpg,120,273,160,313,Malaria
/home/i008/googledrive/Projects/malaria/malaria_dataset/plasmodium-phone-0307.jpg,693,354,733,394,Malaria
/home/i008/googledrive/Projects/malaria/malaria_dataset/plasmodium-phone-0176.jpg,-18,511,21,551,Malaria
/home/i008/googledrive/Projects/malaria/malaria_dataset/plasmodium-phone-0563.jpg,577,688,617,728,Malaria
/home/i008/googledrive/Projects/malaria/malaria_dataset/plasmodium-phone-0924.jpg,3,479,43,519,Malaria
/home/i008/googledrive/Projects/malaria/malaria_dataset/plasmodium-phone-0265.jpg,156,592,196,632,Malaria
/home/i008/googledrive/Projects/malaria/malaria_dataset/plasmodium-phone-0424.jpg,599,38,639,78,Malaria
/home/i008/googledrive/Projects/malaria/malaria_dataset/plasmodium-phone-0234.jpg,356,455,396,495,Malaria
/home/i008/googledrive/Projects/malaria/malaria_dataset/plasmodium-phone-0389.jpg,82,277,122,317,Malaria
/home/i008/googledrive/Projects/malaria/malaria_dataset/plasmodium-phone-0589.jpg,713,479,753,519,Malaria
/home/i008/googledrive/Projects/malaria/malaria_dataset/plasmodium-phone-0424.jpg,153,470,193,510,Malaria
/home/i008/googledrive/Projects/malaria/malaria_dataset/plasmodium-phone-0347.jpg,254,655,294,695,Malaria
/home/i008/googledrive/Projects/malaria/malaria_dataset/plasmodium-phone-0648.jpg,465,260,505,300,Malaria
/home/i008/googledrive/Projects/malaria/malaria_dataset/plasmodium-phone-1154.jpg,517,489,557,529,Malaria
/home/i008/googledrive/Projects/malaria/malaria_dataset/plasmodium-phone-1099.jpg,0,714,40,754,Malaria
/home/i008/googledrive/Projects/malaria/malaria_dataset/plasmodium-phone-0848.jpg,14,569,54,609,Malaria
/home/i008/googledrive/Projects/malaria/malaria_dataset/plasmodium-phone-0204.jpg,239,32,279,72,Malaria
/home/i008/googledrive/Projects/malaria/malaria_dataset/plasmodium-phone-1056.jpg,718,523,758,563,Malaria
/home/i008/googledrive/Projects/malaria/malaria_dataset/plasmodium-phone-0095.jpg,338,676,378,716,Malaria
/home/i008/googledrive/Projects/malaria/malaria_dataset/plasmodium-phone-0589.jpg,453,535,493,575,Malaria
/home/i008/googledrive/Projects/malaria/malaria_dataset/plasmodium-phone-0265.jpg,218,501,259,541,Malaria
/home/i008/googledrive/Projects/malaria/malaria_dataset/plasmodium-phone-0984.jpg,681,7,721,47,Malaria
/home/i008/googledrive/Projects/malaria/malaria_dataset/plasmodium-phone-0232.jpg,269,35,309,75,Malaria
/home/i008/googledrive/Projects/malaria/malaria_dataset/plasmodium-phone-1154.jpg,92,562,132,602,Malaria
/home/i008/googledrive/Projects/malaria/malaria_dataset/plasmodium-phone-1154.jpg,602,306,642,346,Malaria
/home/i008/googledrive/Projects/malaria/malaria_dataset/plasmodium-phone-0624.jpg,287,481,327,521,Malaria
/home/i008/googledrive/Projects/malaria/malaria_dataset/plasmodium-phone-0448.jpg,19,544,59,584,Malaria
/home/i008/googledrive/Projects/malaria/malaria_dataset/plasmodium-phone-0934.jpg,715,516,755,556,Malaria
/home/i008/googledrive/Projects/malaria/malaria_dataset/plasmodium-phone-0390.jpg,254,482,294,522,Malaria
/home/i008/googledrive/Projects/malaria/malaria_dataset/plasmodium-phone-0762.jpg,22,157,62,197,Malaria
/home/i008/googledrive/Projects/malaria/malaria_dataset/plasmodium-phone-0649.jpg,218,110,258,150,Malaria
/home/i008/googledrive/Projects/malaria/malaria_dataset/plasmodium-phone-0794.jpg,215,593,255,633,Malaria
/home/i008/googledrive/Projects/malaria/malaria_dataset/plasmodium-phone-0113.jpg,479,123,519,163,Malaria
/home/i008/googledrive/Projects/malaria/malaria_dataset/plasmodium-phone-0648.jpg,239,520,279,560,Malaria
/home/i008/googledrive/Projects/malaria/malaria_dataset/plasmodium-phone-0624.jpg,412,667,452,707,Malaria
/home/i008/googledrive/Projects/malaria/malaria_dataset/plasmodium-phone-0067.jpg,194,484,234,524,Malaria
/home/i008/googledrive/Projects/malaria/malaria_dataset/plasmodium-phone-0319.jpg,520,578,562,618,Malaria
/home/i008/googledrive/Projects/malaria/malaria_dataset/plasmodium-phone-0113.jpg,590,87,630,127,Malaria
/home/i008/googledrive/Projects/malaria/malaria_dataset/plasmodium-phone-0563.jpg,205,60,245,100,Malaria
/home/i008/googledrive/Projects/malaria/malaria_dataset/plasmodium-phone-1024.jpg,499,370,539,410,Malaria
/home/i008/googledrive/Projects/malaria/malaria_dataset/plasmodium-phone-0175.jpg,28,74,68,114,Malaria
/home/i008/googledrive/Projects/malaria/malaria_dataset/plasmodium-phone-0924.jpg,192,44,232,84,Malaria
/home/i008/googledrive/Projects/malaria/malaria_dataset/plasmodium-phone-0218.jpg,537,185,577,225,Malaria
/home/i008/googledrive/Projects/malaria/malaria_dataset/plasmodium-phone-0649.jpg,169,351,211,391,Malaria
/home/i008/googledrive/Projects/malaria/malaria_dataset/plasmodium-phone-0471.jpg,163,367,203,407,Malaria
/home/i008/googledrive/Projects/malaria/malaria_dataset/plasmodium-phone-0424.jpg,72,596,113,636,Malaria
/home/i008/googledrive/Projects/malaria/malaria_dataset/plasmodium-phone-0941.jpg,556,706,596,746,Malaria
/home/i008/googledrive/Projects/malaria/malaria_dataset/plasmodium-phone-0920.jpg,28,517,68,557,Malaria
/home/i008/googledrive/Projects/malaria/malaria_dataset/plasmodium-phone-0794.jpg,297,239,337,279,Malaria
/home/i008/googledrive/Projects/malaria/malaria_dataset/plasmodium-phone-1179.jpg,591,282,631,322,Malaria
/home/i008/googledrive/Projects/malaria/malaria_dataset/plasmodium-phone-0984.jpg,190,391,230,431,Malaria
/home/i008/googledrive/Projects/malaria/malaria_dataset/plasmodium-phone-1041.jpg,59,539,99,579,Malaria
/home/i008/googledrive/Projects/malaria/malaria_dataset/plasmodium-phone-0563.jpg,110,483,150,523,Malaria
/home/i008/googledrive/Projects/malaria/malaria_dataset/plasmodium-phone-0677.jpg,182,71,222,111,Malaria
/home/i008/googledrive/Projects/malaria/malaria_dataset/plasmodium-phone-0673.jpg,252,479,292,519,Malaria
/home/i008/googledrive/Projects/malaria/malaria_dataset/plasmodium-phone-0791.jpg,82,97,122,137,Malaria
/home/i008/googledrive/Projects/malaria/malaria_dataset/plasmodium-phone-0941.jpg,527,434,567,474,Malaria
/home/i008/googledrive/Projects/malaria/malaria_dataset/plasmodium-phone-1099.jpg,410,458,450,498,Malaria
/home/i008/googledrive/Projects/malaria/malaria_dataset/plasmodium-phone-0762.jpg,248,495,290,535,Malaria
/home/i008/googledrive/Projects/malaria/malaria_dataset/plasmodium-phone-0677.jpg,166,163,206,203,Malaria
/home/i008/googledrive/Projects/malaria/malaria_dataset/plasmodium-phone-0095.jpg,622,714,662,754,Malaria
/home/i008/googledrive/Projects/malaria/malaria_dataset/plasmodium-phone-0223.jpg,508,196,548,236,Malaria
/home/i008/googledrive/Projects/malaria/malaria_dataset/plasmodium-phone-0999.jpg,192,38,232,78,Malaria
/home/i008/googledrive/Projects/malaria/malaria_dataset/plasmodium-phone-0924.jpg,144,441,184,481,Malaria
/home/i008/googledrive/Projects/malaria/malaria_dataset/plasmodium-phone-0163.jpg,629,616,669,656,Malaria
/home/i008/googledrive/Projects/malaria/malaria_dataset/plasmodium-phone-0433.jpg,290,553,330,595,Malaria
/home/i008/googledrive/Projects/malaria/malaria_dataset/plasmodium-phone-0389.jpg,227,80,267,120,Malaria
/home/i008/googledrive/Projects/malaria/malaria_dataset/plasmodium-phone-0702.jpg,344,711,384,751,Malaria
/home/i008/googledrive/Projects/malaria/malaria_dataset/plasmodium-phone-0589.jpg,99,437,139,477,Malaria
/home/i008/googledrive/Projects/malaria/malaria_dataset/plasmodium-phone-0848.jpg,389,394,429,434,Malaria
/home/i008/googledrive/Projects/malaria/malaria_dataset/plasmodium-phone-0848.jpg,479,119,519,159,Malaria
/home/i008/googledrive/Projects/malaria/malaria_dataset/plasmodium-phone-0448.jpg,617,13,657,53,Malaria
/home/i008/googledrive/Projects/malaria/malaria_dataset/plasmodium-phone-0433.jpg,628,419,668,459,Malaria
/home/i008/googledrive/Projects/malaria/malaria_dataset/plasmodium-phone-0512.jpg,614,441,654,481,Malaria
/home/i008/googledrive/Projects/malaria/malaria_dataset/plasmodium-phone-1154.jpg,393,171,433,211,Malaria
/home/i008/googledrive/Projects/malaria/malaria_dataset/plasmodium-phone-0433.jpg,551,450,552,451,Malaria
/home/i008/googledrive/Projects/malaria/malaria_dataset/plasmodium-phone-0756.jpg,121,407,161,447,Malaria
/home/i008/googledrive/Projects/malaria/malaria_dataset/plasmodium-phone-0563.jpg,542,492,582,532,Malaria
/home/i008/googledrive/Projects/malaria/malaria_dataset/plasmodium-phone-0794.jpg,391,418,431,458,Malaria
/home/i008/googledrive/Projects/malaria/malaria_dataset/plasmodium-phone-0115.jpg,463,643,503,683,Malaria
/home/i008/googledrive/Projects/malaria/malaria_dataset/plasmodium-phone-1021.jpg,548,398,588,438,Malaria
/home/i008/googledrive/Projects/malaria/malaria_dataset/plasmodium-phone-1154.jpg,-11,155,28,195,Malaria
/home/i008/googledrive/Projects/malaria/malaria_dataset/plasmodium-phone-1041.jpg,221,640,261,680,Malaria
/home/i008/googledrive/Projects/malaria/malaria_dataset/plasmodium-phone-0624.jpg,-8,590,31,630,Malaria
/home/i008/googledrive/Projects/malaria/malaria_dataset/plasmodium-phone-0113.jpg,69,37,109,77,Malaria
/home/i008/googledrive/Projects/malaria/malaria_dataset/plasmodium-phone-0919.jpg,432,477,472,517,Malaria
/home/i008/googledrive/Projects/malaria/malaria_dataset/plasmodium-phone-0204.jpg,286,690,326,730,Malaria
/home/i008/googledrive/Projects/malaria/malaria_dataset/plasmodium-phone-0258.jpg,145,588,185,628,Malaria
/home/i008/googledrive/Projects/malaria/malaria_dataset/plasmodium-phone-0084.jpg,557,496,597,536,Malaria
/home/i008/googledrive/Projects/malaria/malaria_dataset/plasmodium-phone-0319.jpg,666,324,706,364,Malaria
/home/i008/googledrive/Projects/malaria/malaria_dataset/plasmodium-phone-1032.jpg,367,348,407,388,Malaria
/home/i008/googledrive/Projects/malaria/malaria_dataset/plasmodium-phone-0095.jpg,560,622,600,662,Malaria
/home/i008/googledrive/Projects/malaria/malaria_dataset/plasmodium-phone-0067.jpg,670,187,710,227,Malaria
/home/i008/googledrive/Projects/malaria/malaria_dataset/plasmodium-phone-0924.jpg,329,683,369,723,Malaria
/home/i008/googledrive/Projects/malaria/malaria_dataset/plasmodium-phone-0548.jpg,104,531,144,571,Malaria
/home/i008/googledrive/Projects/malaria/malaria_dataset/plasmodium-phone-0563.jpg,105,359,145,399,Malaria
/home/i008/googledrive/Projects/malaria/malaria_dataset/plasmodium-phone-1021.jpg,477,647,517,687,Malaria
/home/i008/googledrive/Projects/malaria/malaria_dataset/plasmodium-phone-0184.jpg,164,320,204,360,Malaria
/home/i008/googledrive/Projects/malaria/malaria_dataset/plasmodium-phone-0924.jpg,600,453,640,493,Malaria
/home/i008/googledrive/Projects/malaria/malaria_dataset/plasmodium-phone-0624.jpg,284,523,324,563,Malaria
/home/i008/googledrive/Projects/malaria/malaria_dataset/plasmodium-phone-0589.jpg,477,216,517,256,Malaria
/home/i008/googledrive/Projects/malaria/malaria_dataset/plasmodium-phone-0245.jpg,696,110,736,150,Malaria
/home/i008/googledrive/Projects/malaria/malaria_dataset/plasmodium-phone-0934.jpg,486,601,526,641,Malaria
/home/i008/googledrive/Projects/malaria/malaria_dataset/plasmodium-phone-0329.jpg,65,406,105,446,Malaria
/home/i008/googledrive/Projects/malaria/malaria_dataset/plasmodium-phone-0389.jpg,410,493,450,533,Malaria
/home/i008/googledrive/Projects/malaria/malaria_dataset/plasmodium-phone-0917.jpg,288,80,328,120,Malaria
/home/i008/googledrive/Projects/malaria/malaria_dataset/plasmodium-phone-0433.jpg,80,709,120,749,Malaria
/home/i008/googledrive/Projects/malaria/malaria_dataset/plasmodium-phone-0067.jpg,177,532,217,572,Malaria
/home/i008/googledrive/Projects/malaria/malaria_dataset/plasmodium-phone-0552.jpg,137,655,177,695,Malaria
/home/i008/googledrive/Projects/malaria/malaria_dataset/plasmodium-phone-0258.jpg,7,261,47,301,Malaria
/home/i008/googledrive/Projects/malaria/malaria_dataset/plasmodium-phone-0305.jpg,151,581,191,621,Malaria
/home/i008/googledrive/Projects/malaria/malaria_dataset/plasmodium-phone-0256.jpg,474,61,514,101,Malaria
/home/i008/googledrive/Projects/malaria/malaria_dataset/plasmodium-phone-0337.jpg,101,459,141,499,Malaria
/home/i008/googledrive/Projects/malaria/malaria_dataset/plasmodium-phone-0941.jpg,455,250,495,290,Malaria
/home/i008/googledrive/Projects/malaria/malaria_dataset/plasmodium-phone-0791.jpg,134,250,174,290,Malaria
/home/i008/googledrive/Projects/malaria/malaria_dataset/plasmodium-phone-0256.jpg,318,-5,358,34,Malaria
/home/i008/googledrive/Projects/malaria/malaria_dataset/plasmodium-phone-0924.jpg,381,305,421,345,Malaria
/home/i008/googledrive/Projects/malaria/malaria_dataset/plasmodium-phone-0337.jpg,531,147,571,187,Malaria
/home/i008/googledrive/Projects/malaria/malaria_dataset/plasmodium-phone-0339.jpg,300,711,340,751,Malaria
/home/i008/googledrive/Projects/malaria/malaria_dataset/plasmodium-phone-0329.jpg,84,446,124,486,Malaria
/home/i008/googledrive/Projects/malaria/malaria_dataset/plasmodium-phone-1179.jpg,114,282,154,322,Malaria
/home/i008/googledrive/Projects/malaria/malaria_dataset/plasmodium-phone-0466.jpg,536,470,576,510,Malaria
/home/i008/googledrive/Projects/malaria/malaria_dataset/plasmodium-phone-0166.jpg,251,274,292,314,Malaria
/home/i008/googledrive/Projects/malaria/malaria_dataset/plasmodium-phone-0211.jpg,21,56,61,96,Malaria
/home/i008/googledrive/Projects/malaria/malaria_dataset/plasmodium-phone-0941.jpg,28,370,68,410,Malaria
/home/i008/googledrive/Projects/malaria/malaria_dataset/plasmodium-phone-1056.jpg,160,611,200,651,Malaria
/home/i008/googledrive/Projects/malaria/malaria_dataset/plasmodium-phone-0113.jpg,129,0,169,39,Malaria
/home/i008/googledrive/Projects/malaria/malaria_dataset/plasmodium-phone-0563.jpg,132,145,172,185,Malaria
/home/i008/googledrive/Projects/malaria/malaria_dataset/plasmodium-phone-0791.jpg,624,222,664,262,Malaria
/home/i008/googledrive/Projects/malaria/malaria_dataset/plasmodium-phone-0329.jpg,77,313,117,353,Malaria
/home/i008/googledrive/Projects/malaria/malaria_dataset/plasmodium-phone-0875.jpg,358,215,398,255,Malaria
/home/i008/googledrive/Projects/malaria/malaria_dataset/plasmodium-phone-1021.jpg,22,453,62,493,Malaria
/home/i008/googledrive/Projects/malaria/malaria_dataset/plasmodium-phone-0934.jpg,558,340,598,380,Malaria
/home/i008/googledrive/Projects/malaria/malaria_dataset/plasmodium-phone-0321.jpg,227,202,267,242,Malaria
/home/i008/googledrive/Projects/malaria/malaria_dataset/plasmodium-phone-0980.jpg,689,277,729,317,Malaria
/home/i008/googledrive/Projects/malaria/malaria_dataset/plasmodium-phone-0337.jpg,236,154,276,194,Malaria
/home/i008/googledrive/Projects/malaria/malaria_dataset/plasmodium-phone-1179.jpg,704,535,744,575,Malaria
/home/i008/googledrive/Projects/malaria/malaria_dataset/plasmodium-phone-0917.jpg,466,249,506,289,Malaria
/home/i008/googledrive/Projects/malaria/malaria_dataset/plasmodium-phone-0702.jpg,162,365,202,405,Malaria
/home/i008/googledrive/Projects/malaria/malaria_dataset/plasmodium-phone-0321.jpg,419,98,459,138,Malaria
/home/i008/googledrive/Projects/malaria/malaria_dataset/plasmodium-phone-0337.jpg,634,409,674,449,Malaria
/home/i008/googledrive/Projects/malaria/malaria_dataset/plasmodium-phone-0848.jpg,57,451,97,491,Malaria
/home/i008/googledrive/Projects/malaria/malaria_dataset/plasmodium-phone-0084.jpg,580,280,620,320,Malaria
/home/i008/googledrive/Projects/malaria/malaria_dataset/plasmodium-phone-0673.jpg,166,350,206,390,Malaria
/home/i008/googledrive/Projects/malaria/malaria_dataset/plasmodium-phone-0128.jpg,632,486,672,526,Malaria
/home/i008/googledrive/Projects/malaria/malaria_dataset/plasmodium-phone-0984.jpg,717,494,757,534,Malaria
/home/i008/googledrive/Projects/malaria/malaria_dataset/plasmodium-phone-0238.jpg,423,416,463,456,Malaria
/home/i008/googledrive/Projects/malaria/malaria_dataset/plasmodium-phone-0917.jpg,518,341,558,381,Malaria
/home/i008/googledrive/Projects/malaria/malaria_dataset/plasmodium-phone-0698.jpg,394,359,434,399,Malaria
/home/i008/googledrive/Projects/malaria/malaria_dataset/plasmodium-phone-0921.jpg,133,610,179,652,Malaria
/home/i008/googledrive/Projects/malaria/malaria_dataset/plasmodium-phone-0163.jpg,218,450,258,490,Malaria
/home/i008/googledrive/Projects/malaria/malaria_dataset/plasmodium-phone-0390.jpg,-5,352,34,392,Malaria
/home/i008/googledrive/Projects/malaria/malaria_dataset/plasmodium-phone-0702.jpg,545,531,585,571,Malaria
/home/i008/googledrive/Projects/malaria/malaria_dataset/plasmodium-phone-0242.jpg,183,415,223,455,Malaria
/home/i008/googledrive/Projects/malaria/malaria_dataset/plasmodium-phone-1179.jpg,157,223,197,263,Malaria
/home/i008/googledrive/Projects/malaria/malaria_dataset/plasmodium-phone-0920.jpg,372,373,412,413,Malaria
/home/i008/googledrive/Projects/malaria/malaria_dataset/plasmodium-phone-0589.jpg,252,12,292,52,Malaria
/home/i008/googledrive/Projects/malaria/malaria_dataset/plasmodium-phone-0319.jpg,279,385,319,425,Malaria
/home/i008/googledrive/Projects/malaria/malaria_dataset/plasmodium-phone-0433.jpg,642,354,682,394,Malaria
/home/i008/googledrive/Projects/malaria/malaria_dataset/plasmodium-phone-0265.jpg,42,198,82,238,Malaria
/home/i008/googledrive/Projects/malaria/malaria_dataset/plasmodium-phone-0917.jpg,175,77,215,117,Malaria
/home/i008/googledrive/Projects/malaria/malaria_dataset/plasmodium-phone-0511.jpg,55,610,95,650,Malaria
/home/i008/googledrive/Projects/malaria/malaria_dataset/plasmodium-phone-0548.jpg,104,320,144,361,Malaria
/home/i008/googledrive/Projects/malaria/malaria_dataset/plasmodium-phone-0625.jpg,713,55,753,95,Malaria
/home/i008/googledrive/Projects/malaria/malaria_dataset/plasmodium-phone-0067.jpg,647,110,687,150,Malaria
/home/i008/googledrive/Projects/malaria/malaria_dataset/plasmodium-phone-0067.jpg,92,622,132,662,Malaria
/home/i008/googledrive/Projects/malaria/malaria_dataset/plasmodium-phone-0917.jpg,357,164,397,204,Malaria
/home/i008/googledrive/Projects/malaria/malaria_dataset/plasmodium-phone-1154.jpg,690,664,730,704,Malaria
/home/i008/googledrive/Projects/malaria/malaria_dataset/plasmodium-phone-0673.jpg,480,323,520,363,Malaria
/home/i008/googledrive/Projects/malaria/malaria_dataset/plasmodium-phone-0390.jpg,187,440,227,480,Malaria
/home/i008/googledrive/Projects/malaria/malaria_dataset/plasmodium-phone-0234.jpg,558,714,598,754,Malaria
/home/i008/googledrive/Projects/malaria/malaria_dataset/plasmodium-phone-0624.jpg,400,550,440,590,Malaria
/home/i008/googledrive/Projects/malaria/malaria_dataset/plasmodium-phone-0232.jpg,114,546,154,586,Malaria
/home/i008/googledrive/Projects/malaria/malaria_dataset/plasmodium-phone-0762.jpg,339,523,379,563,Malaria
/home/i008/googledrive/Projects/malaria/malaria_dataset/plasmodium-phone-0924.jpg,573,550,613,590,Malaria
/home/i008/googledrive/Projects/malaria/malaria_dataset/plasmodium-phone-0791.jpg,172,638,212,678,Malaria
/home/i008/googledrive/Projects/malaria/malaria_dataset/plasmodium-phone-0234.jpg,38,379,78,419,Malaria
/home/i008/googledrive/Projects/malaria/malaria_dataset/plasmodium-phone-0389.jpg,77,332,117,372,Malaria
/home/i008/googledrive/Projects/malaria/malaria_dataset/plasmodium-phone-0095.jpg,166,639,206,679,Malaria
/home/i008/googledrive/Projects/malaria/malaria_dataset/plasmodium-phone-0390.jpg,209,617,249,657,Malaria
/home/i008/googledrive/Projects/malaria/malaria_dataset/plasmodium-phone-0648.jpg,341,169,381,209,Malaria
/home/i008/googledrive/Projects/malaria/malaria_dataset/plasmodium-phone-0702.jpg,665,178,706,218,Malaria
/home/i008/googledrive/Projects/malaria/malaria_dataset/plasmodium-phone-0941.jpg,599,659,639,699,Malaria
/home/i008/googledrive/Projects/malaria/malaria_dataset/plasmodium-phone-0511.jpg,113,663,153,703,Malaria
/home/i008/googledrive/Projects/malaria/malaria_dataset/plasmodium-phone-0589.jpg,87,206,127,246,Malaria
/home/i008/googledrive/Projects/malaria/malaria_dataset/plasmodium-phone-0552.jpg,535,470,575,510,Malaria
/home/i008/googledrive/Projects/malaria/malaria_dataset/plasmodium-phone-0095.jpg,656,272,696,312,Malaria
/home/i008/googledrive/Projects/malaria/malaria_dataset/plasmodium-phone-0211.jpg,78,2,118,42,Malaria
/home/i008/googledrive/Projects/malaria/malaria_dataset/plasmodium-phone-0406.jpg,605,477,645,517,Malaria
/home/i008/googledrive/Projects/malaria/malaria_dataset/plasmodium-phone-0052.jpg,251,389,291,429,Malaria
/home/i008/googledrive/Projects/malaria/malaria_dataset/plasmodium-phone-0649.jpg,712,583,752,623,Malaria
/home/i008/googledrive/Projects/malaria/malaria_dataset/plasmodium-phone-0552.jpg,381,650,421,690,Malaria
/home/i008/googledrive/Projects/malaria/malaria_dataset/plasmodium-phone-0433.jpg,166,110,206,150,Malaria
/home/i008/googledrive/Projects/malaria/malaria_dataset/plasmodium-phone-0999.jpg,64,305,104,345,Malaria
/home/i008/googledrive/Projects/malaria/malaria_dataset/plasmodium-phone-0172.jpg,219,451,259,491,Malaria
/home/i008/googledrive/Projects/malaria/malaria_dataset/plasmodium-phone-0204.jpg,512,720,552,760,Malaria
/home/i008/googledrive/Projects/malaria/malaria_dataset/plasmodium-phone-0406.jpg,327,379,367,419,Malaria
/home/i008/googledrive/Projects/malaria/malaria_dataset/plasmodium-phone-0232.jpg,403,282,443,322,Malaria
/home/i008/googledrive/Projects/malaria/malaria_dataset/plasmodium-phone-0756.jpg,504,202,544,242,Malaria
/home/i008/googledrive/Projects/malaria/malaria_dataset/plasmodium-phone-0648.jpg,9,478,49,518,Malaria
/home/i008/googledrive/Projects/malaria/malaria_dataset/plasmodium-phone-0234.jpg,486,241,526,281,Malaria
/home/i008/googledrive/Projects/malaria/malaria_dataset/plasmodium-phone-0307.jpg,270,145,310,185,Malaria
/home/i008/googledrive/Projects/malaria/malaria_dataset/plasmodium-phone-0649.jpg,596,142,636,182,Malaria
/home/i008/googledrive/Projects/malaria/malaria_dataset/plasmodium-phone-0115.jpg,171,384,211,424,Malaria
/home/i008/googledrive/Projects/malaria/malaria_dataset/plasmodium-phone-0924.jpg,470,187,510,227,Malaria
/home/i008/googledrive/Projects/malaria/malaria_dataset/plasmodium-phone-0589.jpg,105,484,145,524,Malaria
/home/i008/googledrive/Projects/malaria/malaria_dataset/plasmodium-phone-1099.jpg,414,597,454,637,Malaria
/home/i008/googledrive/Projects/malaria/malaria_dataset/plasmodium-phone-1056.jpg,547,601,587,641,Malaria
/home/i008/googledrive/Projects/malaria/malaria_dataset/plasmodium-phone-0163.jpg,501,563,541,603,Malaria
/home/i008/googledrive/Projects/malaria/malaria_dataset/plasmodium-phone-0113.jpg,138,122,178,162,Malaria
/home/i008/googledrive/Projects/malaria/malaria_dataset/plasmodium-phone-0762.jpg,534,148,536,149,Malaria
/home/i008/googledrive/Projects/malaria/malaria_dataset/plasmodium-phone-0791.jpg,529,573,569,613,Malaria
/home/i008/googledrive/Projects/malaria/malaria_dataset/plasmodium-phone-0702.jpg,125,586,165,626,Malaria
/home/i008/googledrive/Projects/malaria/malaria_dataset/plasmodium-phone-0624.jpg,461,378,501,418,Malaria
/home/i008/googledrive/Projects/malaria/malaria_dataset/plasmodium-phone-1024.jpg,473,371,475,373,Malaria
/home/i008/googledrive/Projects/malaria/malaria_dataset/plasmodium-phone-0390.jpg,78,702,118,742,Malaria
/home/i008/googledrive/Projects/malaria/malaria_dataset/plasmodium-phone-0663.jpg,346,102,386,142,Malaria
/home/i008/googledrive/Projects/malaria/malaria_dataset/plasmodium-phone-1056.jpg,573,583,613,623,Malaria
/home/i008/googledrive/Projects/malaria/malaria_dataset/plasmodium-phone-0648.jpg,654,192,694,232,Malaria
/home/i008/googledrive/Projects/malaria/malaria_dataset/plasmodium-phone-0999.jpg,16,256,56,296,Malaria
/home/i008/googledrive/Projects/malaria/malaria_dataset/plasmodium-phone-0625.jpg,471,388,511,428,Malaria
/home/i008/googledrive/Projects/malaria/malaria_dataset/plasmodium-phone-0339.jpg,681,232,721,272,Malaria
/home/i008/googledrive/Projects/malaria/malaria_dataset/plasmodium-phone-0337.jpg,49,680,89,720,Malaria
/home/i008/googledrive/Projects/malaria/malaria_dataset/plasmodium-phone-0794.jpg,278,294,318,334,Malaria
/home/i008/googledrive/Projects/malaria/malaria_dataset/plasmodium-phone-0794.jpg,464,407,505,447,Malaria
/home/i008/googledrive/Projects/malaria/malaria_dataset/plasmodium-phone-0204.jpg,218,584,258,624,Malaria
/home/i008/googledrive/Projects/malaria/malaria_dataset/plasmodium-phone-0232.jpg,583,46,623,86,Malaria
/home/i008/googledrive/Projects/malaria/malaria_dataset/plasmodium-phone-0649.jpg,479,220,519,260,Malaria
/home/i008/googledrive/Projects/malaria/malaria_dataset/plasmodium-phone-0232.jpg,257,449,297,489,Malaria
/home/i008/googledrive/Projects/malaria/malaria_dataset/plasmodium-phone-0762.jpg,270,418,310,458,Malaria
/home/i008/googledrive/Projects/malaria/malaria_dataset/plasmodium-phone-0648.jpg,285,308,325,348,Malaria
/home/i008/googledrive/Projects/malaria/malaria_dataset/plasmodium-phone-0702.jpg,655,507,696,547,Malaria
/home/i008/googledrive/Projects/malaria/malaria_dataset/plasmodium-phone-1154.jpg,680,316,720,356,Malaria
/home/i008/googledrive/Projects/malaria/malaria_dataset/plasmodium-phone-1099.jpg,0,154,40,194,Malaria
/home/i008/googledrive/Projects/malaria/malaria_dataset/plasmodium-phone-0424.jpg,223,714,264,754,Malaria
/home/i008/googledrive/Projects/malaria/malaria_dataset/plasmodium-phone-0067.jpg,528,375,568,415,Malaria
/home/i008/googledrive/Projects/malaria/malaria_dataset/plasmodium-phone-0589.jpg,360,19,400,59,Malaria
/home/i008/googledrive/Projects/malaria/malaria_dataset/plasmodium-phone-0984.jpg,469,616,509,656,Malaria
/home/i008/googledrive/Projects/malaria/malaria_dataset/plasmodium-phone-0624.jpg,498,297,538,337,Malaria
/home/i008/googledrive/Projects/malaria/malaria_dataset/plasmodium-phone-0466.jpg,134,483,174,523,Malaria
/home/i008/googledrive/Projects/malaria/malaria_dataset/plasmodium-phone-0029.jpg,472,406,512,446,Malaria
/home/i008/googledrive/Projects/malaria/malaria_dataset/plasmodium-phone-0232.jpg,711,102,751,142,Malaria
/home/i008/googledrive/Projects/malaria/malaria_dataset/plasmodium-phone-0548.jpg,26,170,69,210,Malaria
/home/i008/googledrive/Projects/malaria/malaria_dataset/plasmodium-phone-0548.jpg,475,157,515,197,Malaria
/home/i008/googledrive/Projects/malaria/malaria_dataset/plasmodium-phone-1179.jpg,553,489,593,529,Malaria
/home/i008/googledrive/Projects/malaria/malaria_dataset/plasmodium-phone-0624.jpg,123,614,163,654,Malaria
/home/i008/googledrive/Projects/malaria/malaria_dataset/plasmodium-phone-0184.jpg,713,563,753,603,Malaria
/home/i008/googledrive/Projects/malaria/malaria_dataset/plasmodium-phone-1154.jpg,111,327,151,367,Malaria
/home/i008/googledrive/Projects/malaria/malaria_dataset/plasmodium-phone-0319.jpg,372,113,412,153,Malaria
/home/i008/googledrive/Projects/malaria/malaria_dataset/plasmodium-phone-0917.jpg,190,213,230,253,Malaria
/home/i008/googledrive/Projects/malaria/malaria_dataset/plasmodium-phone-0202.jpg,496,59,536,99,Malaria
/home/i008/googledrive/Projects/malaria/malaria_dataset/plasmodium-phone-0624.jpg,55,571,95,611,Malaria
/home/i008/googledrive/Projects/malaria/malaria_dataset/plasmodium-phone-0339.jpg,448,69,488,109,Malaria
/home/i008/googledrive/Projects/malaria/malaria_dataset/plasmodium-phone-0202.jpg,253,302,294,342,Malaria
/home/i008/googledrive/Projects/malaria/malaria_dataset/plasmodium-phone-0166.jpg,287,151,327,191,Malaria
/home/i008/googledrive/Projects/malaria/malaria_dataset/plasmodium-phone-0337.jpg,333,178,373,218,Malaria
/home/i008/googledrive/Projects/malaria/malaria_dataset/plasmodium-phone-0511.jpg,177,483,217,523,Malaria
/home/i008/googledrive/Projects/malaria/malaria_dataset/plasmodium-phone-0172.jpg,390,225,430,265,Malaria
/home/i008/googledrive/Projects/malaria/malaria_dataset/plasmodium-phone-0848.jpg,229,487,269,527,Malaria
/home/i008/googledrive/Projects/malaria/malaria_dataset/plasmodium-phone-0471.jpg,215,180,255,220,Malaria
/home/i008/googledrive/Projects/malaria/malaria_dataset/plasmodium-phone-0919.jpg,42,272,82,312,Malaria
/home/i008/googledrive/Projects/malaria/malaria_dataset/plasmodium-phone-0029.jpg,176,535,216,575,Malaria
/home/i008/googledrive/Projects/malaria/malaria_dataset/plasmodium-phone-0794.jpg,575,708,615,748,Malaria
/home/i008/googledrive/Projects/malaria/malaria_dataset/plasmodium-phone-0115.jpg,211,147,251,187,Malaria
/home/i008/googledrive/Projects/malaria/malaria_dataset/plasmodium-phone-0875.jpg,55,272,95,312,Malaria
/home/i008/googledrive/Projects/malaria/malaria_dataset/plasmodium-phone-1032.jpg,132,391,172,431,Malaria
/home/i008/googledrive/Projects/malaria/malaria_dataset/plasmodium-phone-0390.jpg,401,498,441,538,Malaria
/home/i008/googledrive/Projects/malaria/malaria_dataset/plasmodium-phone-1099.jpg,135,418,175,458,Malaria
/home/i008/googledrive/Projects/malaria/malaria_dataset/plasmodium-phone-0589.jpg,603,695,643,735,Malaria
/home/i008/googledrive/Projects/malaria/malaria_dataset/plasmodium-phone-0917.jpg,406,150,446,190,Malaria
/home/i008/googledrive/Projects/malaria/malaria_dataset/plasmodium-phone-0920.jpg,674,163,714,203,Malaria
/home/i008/googledrive/Projects/malaria/malaria_dataset/plasmodium-phone-0115.jpg,626,492,666,532,Malaria
/home/i008/googledrive/Projects/malaria/malaria_dataset/plasmodium-phone-0466.jpg,545,340,585,380,Malaria
/home/i008/googledrive/Projects/malaria/malaria_dataset/plasmodium-phone-0875.jpg,212,540,252,580,Malaria
/home/i008/googledrive/Projects/malaria/malaria_dataset/plasmodium-phone-0128.jpg,488,256,528,298,Malaria
/home/i008/googledrive/Projects/malaria/malaria_dataset/plasmodium-phone-0172.jpg,623,268,663,308,Malaria
/home/i008/googledrive/Projects/malaria/malaria_dataset/plasmodium-phone-0211.jpg,162,71,203,111,Malaria
/home/i008/googledrive/Projects/malaria/malaria_dataset/plasmodium-phone-0256.jpg,655,439,695,479,Malaria
/home/i008/googledrive/Projects/malaria/malaria_dataset/plasmodium-phone-0265.jpg,284,712,324,752,Malaria
/home/i008/googledrive/Projects/malaria/malaria_dataset/plasmodium-phone-0984.jpg,208,671,248,711,Malaria
/home/i008/googledrive/Projects/malaria/malaria_dataset/plasmodium-phone-0624.jpg,465,413,505,453,Malaria
/home/i008/googledrive/Projects/malaria/malaria_dataset/plasmodium-phone-0172.jpg,0,504,40,544,Malaria
/home/i008/googledrive/Projects/malaria/malaria_dataset/plasmodium-phone-0851.jpg,618,510,658,550,Malaria
/home/i008/googledrive/Projects/malaria/malaria_dataset/plasmodium-phone-0917.jpg,1,86,41,126,Malaria
/home/i008/googledrive/Projects/malaria/malaria_dataset/plasmodium-phone-1021.jpg,102,554,142,594,Malaria
/home/i008/googledrive/Projects/malaria/malaria_dataset/plasmodium-phone-1041.jpg,600,605,640,645,Malaria
/home/i008/googledrive/Projects/malaria/malaria_dataset/plasmodium-phone-0115.jpg,520,125,560,165,Malaria
/home/i008/googledrive/Projects/malaria/malaria_dataset/plasmodium-phone-0029.jpg,698,454,738,494,Malaria
/home/i008/googledrive/Projects/malaria/malaria_dataset/plasmodium-phone-0791.jpg,149,160,189,200,Malaria
/home/i008/googledrive/Projects/malaria/malaria_dataset/plasmodium-phone-0607.jpg,220,559,260,599,Malaria
/home/i008/googledrive/Projects/malaria/malaria_dataset/plasmodium-phone-0184.jpg,605,327,645,367,Malaria
/home/i008/googledrive/Projects/malaria/malaria_dataset/plasmodium-phone-1056.jpg,372,511,412,551,Malaria
/home/i008/googledrive/Projects/malaria/malaria_dataset/plasmodium-phone-0589.jpg,455,455,495,495,Malaria
/home/i008/googledrive/Projects/malaria/malaria_dataset/plasmodium-phone-0917.jpg,325,690,365,730,Malaria
/home/i008/googledrive/Projects/malaria/malaria_dataset/plasmodium-phone-0984.jpg,585,688,625,728,Malaria
/home/i008/googledrive/Projects/malaria/malaria_dataset/plasmodium-phone-0234.jpg,193,706,233,746,Malaria
/home/i008/googledrive/Projects/malaria/malaria_dataset/plasmodium-phone-0589.jpg,564,562,604,602,Malaria
/home/i008/googledrive/Projects/malaria/malaria_dataset/plasmodium-phone-0934.jpg,621,26,661,66,Malaria
/home/i008/googledrive/Projects/malaria/malaria_dataset/plasmodium-phone-0762.jpg,364,317,404,357,Malaria
/home/i008/googledrive/Projects/malaria/malaria_dataset/plasmodium-phone-0624.jpg,152,240,192,280,Malaria
/home/i008/googledrive/Projects/malaria/malaria_dataset/plasmodium-phone-0067.jpg,380,203,420,243,Malaria
/home/i008/googledrive/Projects/malaria/malaria_dataset/plasmodium-phone-0321.jpg,200,309,240,349,Malaria
/home/i008/googledrive/Projects/malaria/malaria_dataset/plasmodium-phone-0756.jpg,225,590,265,630,Malaria
/home/i008/googledrive/Projects/malaria/malaria_dataset/plasmodium-phone-0245.jpg,689,498,729,538,Malaria
/home/i008/googledrive/Projects/malaria/malaria_dataset/plasmodium-phone-0984.jpg,457,307,497,347,Malaria
/home/i008/googledrive/Projects/malaria/malaria_dataset/plasmodium-phone-0949.jpg,480,154,520,194,Malaria
/home/i008/googledrive/Projects/malaria/malaria_dataset/plasmodium-phone-0589.jpg,322,700,362,740,Malaria
/home/i008/googledrive/Projects/malaria/malaria_dataset/plasmodium-phone-0548.jpg,220,521,260,561,Malaria
/home/i008/googledrive/Projects/malaria/malaria_dataset/plasmodium-phone-0917.jpg,178,453,218,493,Malaria
/home/i008/googledrive/Projects/malaria/malaria_dataset/plasmodium-phone-0649.jpg,661,350,701,390,Malaria
/home/i008/googledrive/Projects/malaria/malaria_dataset/plasmodium-phone-0917.jpg,471,198,511,238,Malaria
/home/i008/googledrive/Projects/malaria/malaria_dataset/plasmodium-phone-1041.jpg,379,348,419,388,Malaria
/home/i008/googledrive/Projects/malaria/malaria_dataset/plasmodium-phone-0917.jpg,234,638,274,678,Malaria
/home/i008/googledrive/Projects/malaria/malaria_dataset/plasmodium-phone-0433.jpg,702,549,742,589,Malaria
/home/i008/googledrive/Projects/malaria/malaria_dataset/plasmodium-phone-0848.jpg,325,583,365,623,Malaria
/home/i008/googledrive/Projects/malaria/malaria_dataset/plasmodium-phone-0920.jpg,278,715,318,755,Malaria
/home/i008/googledrive/Projects/malaria/malaria_dataset/plasmodium-phone-0941.jpg,148,488,188,528,Malaria
/home/i008/googledrive/Projects/malaria/malaria_dataset/plasmodium-phone-0172.jpg,624,382,664,422,Malaria
/home/i008/googledrive/Projects/malaria/malaria_dataset/plasmodium-phone-0919.jpg,208,552,248,592,Malaria
/home/i008/googledrive/Projects/malaria/malaria_dataset/plasmodium-phone-0999.jpg,550,393,590,433,Malaria
/home/i008/googledrive/Projects/malaria/malaria_dataset/plasmodium-phone-0163.jpg,339,606,379,646,Malaria
/home/i008/googledrive/Projects/malaria/malaria_dataset/plasmodium-phone-0920.jpg,354,580,394,620,Malaria
/home/i008/googledrive/Projects/malaria/malaria_dataset/plasmodium-phone-0934.jpg,568,159,608,200,Malaria
/home/i008/googledrive/Projects/malaria/malaria_dataset/plasmodium-phone-0029.jpg,570,75,610,115,Malaria
/home/i008/googledrive/Projects/malaria/malaria_dataset/plasmodium-phone-0115.jpg,332,668,372,708,Malaria
/home/i008/googledrive/Projects/malaria/malaria_dataset/plasmodium-phone-0406.jpg,37,678,77,718,Malaria
/home/i008/googledrive/Projects/malaria/malaria_dataset/plasmodium-phone-1179.jpg,35,348,75,388,Malaria
/home/i008/googledrive/Projects/malaria/malaria_dataset/plasmodium-phone-0920.jpg,99,296,139,336,Malaria
/home/i008/googledrive/Projects/malaria/malaria_dataset/plasmodium-phone-1154.jpg,17,44,57,84,Malaria
/home/i008/googledrive/Projects/malaria/malaria_dataset/plasmodium-phone-0924.jpg,230,117,270,157,Malaria
